[
  {
    "value": "@Activities:activity   on @sys.date-time:date",
    "synonyms": [
      "@Activities:activity   on @sys.date-time:date"
    ]
  },
  {
    "value": "@Activities:activity at @sys.time:time on @sys.date-time:date1 and @sys.date-time:date2",
    "synonyms": [
      "@Activities:activity at @sys.time:time on @sys.date-time:date1 and @sys.date-time:date2"
    ]
  },
  {
    "value": "@Activities:activity on @sys.date-time:date1 and @sys.date-time:date2",
    "synonyms": [
      "@Activities:activity on @sys.date-time:date1 and @sys.date-time:date2"
    ]
  },
  {
    "value": "@Activities:activity on @sys.date-time:date1 and @sys.date-time:date2 at @sys.time:time",
    "synonyms": [
      "@Activities:activity on @sys.date-time:date1 and @sys.date-time:date2 at @sys.time:time"
    ]
  },
  {
    "value": "@Activities:activity on @sys.date-time:date1 at @sys.time:time1 and @sys.date-time:date2 at @sys.time:time2",
    "synonyms": [
      "@Activities:activity on @sys.date-time:date1 at @sys.time:time1 and @sys.date-time:date2 at @sys.time:time2"
    ]
  },
  {
    "value": "@Activities:activity on @sys.date-time:date1 at @sys.time:time1 and on @sys.date-time:date2 at @sys.time:time2",
    "synonyms": [
      "@Activities:activity on @sys.date-time:date1 at @sys.time:time1 and on @sys.date-time:date2 at @sys.time:time2"
    ]
  },
  {
    "value": "@Activities:activity on @sys.date:date at @sys.time:time",
    "synonyms": [
      "@Activities:activity on @sys.date:date at @sys.time:time"
    ]
  },
  {
    "value": "@Activities:activity1 and @Activities:activity2 on @sys.date:date",
    "synonyms": [
      "@Activities:activity1 and @Activities:activity2 on @sys.date:date"
    ]
  },
  {
    "value": "on @sys.date:date I have @Activities:activity",
    "synonyms": [
      "on @sys.date:date I have @Activities:activity"
    ]
  }
]