[
  {
    "value": "Badminton",
    "synonyms": [
      "Badminton"
    ]
  },
  {
    "value": "Basketball",
    "synonyms": [
      "Basketball"
    ]
  },
  {
    "value": "Bowling",
    "synonyms": [
      "Bowling"
    ]
  },
  {
    "value": "Boxing",
    "synonyms": [
      "Boxing"
    ]
  },
  {
    "value": "Cricket",
    "synonyms": [
      "Cricket"
    ]
  },
  {
    "value": "Dancing",
    "synonyms": [
      "Ballet",
      "Dance",
      "Dancing"
    ]
  },
  {
    "value": "Football",
    "synonyms": [
      "Football"
    ]
  },
  {
    "value": "Golf",
    "synonyms": [
      "Golf"
    ]
  },
  {
    "value": "Gym",
    "synonyms": [
      "Gym"
    ]
  },
  {
    "value": "Jogging",
    "synonyms": [
      "Jogging",
      "jog"
    ]
  },
  {
    "value": "Judo",
    "synonyms": [
      "Judo"
    ]
  },
  {
    "value": "Rowing",
    "synonyms": [
      "Row",
      "Rowing"
    ]
  },
  {
    "value": "Rugby",
    "synonyms": [
      "Rugby"
    ]
  },
  {
    "value": "Running",
    "synonyms": [
      "Running",
      "run"
    ]
  },
  {
    "value": "Squash",
    "synonyms": [
      "Squash"
    ]
  },
  {
    "value": "Swimming",
    "synonyms": [
      "Swimming",
      "swim"
    ]
  },
  {
    "value": "Tai Chi",
    "synonyms": [
      "Tai Chi"
    ]
  },
  {
    "value": "Tennis",
    "synonyms": [
      "Tennis"
    ]
  },
  {
    "value": "Walking",
    "synonyms": [
      "Walking",
      "walk"
    ]
  },
  {
    "value": "Water polo",
    "synonyms": [
      "Water polo"
    ]
  },
  {
    "value": "trampolining",
    "synonyms": [
      "trampolining"
    ]
  },
  {
    "value": "yoga",
    "synonyms": [
      "yoga"
    ]
  },
  {
    "value": "zumba",
    "synonyms": [
      "zumba"
    ]
  }
]