[
  {
    "id": "b68f5ace-808b-4607-b981-fa86ce54a929",
    "data": [
      {
        "text": "I want to set an activity goal",
        "userDefined": false
      }
    ],
    "isTemplate": false,
    "count": 0,
    "updated": 0
  },
  {
    "id": "f7cd83fb-8ed6-4106-bfd3-c747617eabe9",
    "data": [
      {
        "text": "Activity goal",
        "userDefined": false
      }
    ],
    "isTemplate": false,
    "count": 1,
    "updated": 0
  },
  {
    "id": "37078694-98b0-4103-9681-7c2f08377129",
    "data": [
      {
        "text": "Activity",
        "userDefined": false
      }
    ],
    "isTemplate": false,
    "count": 1,
    "updated": 0
  },
  {
    "id": "7ef9c3ba-44c2-4647-aadd-cf30d5b8f1e7",
    "data": [
      {
        "text": "activity",
        "userDefined": false
      }
    ],
    "isTemplate": false,
    "count": 0,
    "updated": 0
  },
  {
    "id": "dd3cc65d-e60b-4480-9c85-e46752f598a8",
    "data": [
      {
        "text": "I want to set activities as a goal",
        "userDefined": false
      }
    ],
    "isTemplate": false,
    "count": 0,
    "updated": 0
  },
  {
    "id": "3a28e5f1-f64d-43a1-8671-bfd17b8544e9",
    "data": [
      {
        "text": "Activities",
        "userDefined": false
      }
    ],
    "isTemplate": false,
    "count": 0,
    "updated": 0
  }
]