[
  {
    "id": "2a4e9c0f-eda3-4fc6-8ae3-c9f1fc4d5022",
    "data": [
      {
        "text": "45",
        "alias": "age",
        "meta": "@sys.number",
        "userDefined": false
      },
      {
        "text": " years old",
        "userDefined": false
      }
    ],
    "isTemplate": false,
    "count": 1,
    "updated": 0
  },
  {
    "id": "2ec5cfda-ef37-44d0-99eb-43074de37001",
    "data": [
      {
        "text": "45",
        "alias": "age",
        "meta": "@sys.number",
        "userDefined": false
      }
    ],
    "isTemplate": false,
    "count": 0,
    "updated": 0
  },
  {
    "id": "c1443453-afba-4620-bd61-1e36eb81f3e6",
    "data": [
      {
        "text": "I\u0027m ",
        "userDefined": false
      },
      {
        "text": "45",
        "alias": "age",
        "meta": "@sys.number",
        "userDefined": false
      }
    ],
    "isTemplate": false,
    "count": 1,
    "updated": 0
  },
  {
    "id": "49e582f4-e06a-4f8a-b789-8724fdf739dd",
    "data": [
      {
        "text": "86",
        "alias": "age",
        "meta": "@sys.number",
        "userDefined": false
      }
    ],
    "isTemplate": false,
    "count": 0,
    "updated": 0
  },
  {
    "id": "f59d73e2-597b-4b64-b540-2b4052f84d48",
    "data": [
      {
        "text": "I\u0027m ",
        "userDefined": false
      },
      {
        "text": "53",
        "alias": "age",
        "meta": "@sys.number",
        "userDefined": false
      },
      {
        "text": " years old",
        "userDefined": false
      }
    ],
    "isTemplate": false,
    "count": 1,
    "updated": 0
  },
  {
    "id": "8e7040df-238a-4e86-9725-f89efd858082",
    "data": [
      {
        "text": "74",
        "alias": "age",
        "meta": "@sys.number",
        "userDefined": false
      },
      {
        "text": " years old",
        "userDefined": false
      }
    ],
    "isTemplate": false,
    "count": 0,
    "updated": 0
  },
  {
    "id": "af68d3e8-ed22-45c2-b875-1fee8767b739",
    "data": [
      {
        "text": "I\u0027m ",
        "userDefined": false
      },
      {
        "text": "65",
        "alias": "age",
        "meta": "@sys.number",
        "userDefined": false
      }
    ],
    "isTemplate": false,
    "count": 0,
    "updated": 0
  }
]