[
  {
    "id": "92b4c7f7-28d9-457e-80a8-94a3dc6be4ef",
    "data": [
      {
        "text": "I would like an exercise session",
        "userDefined": false
      }
    ],
    "isTemplate": false,
    "count": 0,
    "updated": 0
  },
  {
    "id": "e11ca612-f681-400a-bd32-f6bcb522c9c0",
    "data": [
      {
        "text": "I want to do exercises",
        "userDefined": false
      }
    ],
    "isTemplate": false,
    "count": 0,
    "updated": 0
  },
  {
    "id": "29a893ba-a5d9-4c13-aa57-e21e41abad7a",
    "data": [
      {
        "text": "I want to use the exercise coach",
        "userDefined": false
      }
    ],
    "isTemplate": false,
    "count": 0,
    "updated": 0
  },
  {
    "id": "1ddd4091-e739-4d63-ab60-e833fe009006",
    "data": [
      {
        "text": "exercise coach",
        "userDefined": false
      }
    ],
    "isTemplate": false,
    "count": 0,
    "updated": 0
  },
  {
    "id": "76ef2d8c-f698-4a75-9919-a289b181a626",
    "data": [
      {
        "text": "exercises",
        "userDefined": false
      }
    ],
    "isTemplate": false,
    "count": 0,
    "updated": 0
  },
  {
    "id": "7fbab74d-473c-4e1e-985a-4fba4d39f947",
    "data": [
      {
        "text": "exercise",
        "userDefined": false
      }
    ],
    "isTemplate": false,
    "count": 0,
    "updated": 0
  }
]