[
  {
    "id": "33b5d536-dad6-40f9-89ca-19a9a077b2b8",
    "data": [
      {
        "text": "exercise help",
        "userDefined": false
      }
    ],
    "isTemplate": false,
    "count": 0,
    "updated": 0
  },
  {
    "id": "5816c477-95ea-4a87-8c4b-19975dbd8566",
    "data": [
      {
        "text": "tutorial",
        "userDefined": false
      }
    ],
    "isTemplate": false,
    "count": 0,
    "updated": 0
  },
  {
    "id": "77aba8a6-e1c1-41fc-bff6-66fc886fcdd5",
    "data": [
      {
        "text": "exercise tutorial",
        "userDefined": false
      }
    ],
    "isTemplate": false,
    "count": 0,
    "updated": 0
  }
]