[
  {
    "id": "5a511d83-48f3-4432-afbc-96af87625963",
    "data": [
      {
        "text": "step by step please",
        "userDefined": false
      }
    ],
    "isTemplate": false,
    "count": 0,
    "updated": 0
  },
  {
    "id": "a5e8e6a3-c3ec-44d6-b0e4-cc2583cd184d",
    "data": [
      {
        "text": "steps by ",
        "userDefined": false
      },
      {
        "text": "steps",
        "meta": "@sys.ignore",
        "userDefined": false
      }
    ],
    "isTemplate": false,
    "count": 0,
    "updated": 0
  },
  {
    "id": "b1f5624f-b120-4920-9ff0-223106722b65",
    "data": [
      {
        "text": "Do the exercise step by step",
        "userDefined": false
      }
    ],
    "isTemplate": false,
    "count": 0,
    "updated": 0
  },
  {
    "id": "dd59f364-8fb0-40fd-abc3-a28ba4a06923",
    "data": [
      {
        "text": "step by step",
        "userDefined": false
      }
    ],
    "isTemplate": false,
    "count": 0,
    "updated": 0
  }
]