[
  {
    "id": "b6fc119a-4cc2-4241-b790-84d9839ef446",
    "data": [
      {
        "text": "calories",
        "userDefined": false
      }
    ],
    "isTemplate": false,
    "count": 0,
    "updated": 0
  },
  {
    "id": "68e692d7-e5a7-48af-823d-fedd0eda1d55",
    "data": [
      {
        "text": "Can I get my calories ?",
        "userDefined": false
      }
    ],
    "isTemplate": false,
    "count": 0,
    "updated": 0
  },
  {
    "id": "315d155a-4819-4707-852c-e445d1b9ec76",
    "data": [
      {
        "text": "How many calories I have burned ?",
        "userDefined": false
      }
    ],
    "isTemplate": false,
    "count": 1,
    "updated": 0
  }
]