[
  {
    "id": "a3739403-e7bd-4b4f-8d79-44fdab17b063",
    "data": [
      {
        "text": "k",
        "userDefined": false
      }
    ],
    "isTemplate": false,
    "count": 0,
    "updated": 0
  },
  {
    "id": "2d6a9d28-8f63-4587-928b-4eb5bab71ab9",
    "data": [
      {
        "text": "kek",
        "userDefined": false
      }
    ],
    "isTemplate": false,
    "count": 0,
    "updated": 0
  },
  {
    "id": "521f1d07-bf82-45a9-b44b-ce353289eed1",
    "data": [
      {
        "text": "okay",
        "userDefined": false
      }
    ],
    "isTemplate": false,
    "count": 0,
    "updated": 0
  },
  {
    "id": "2d5d9007-83a7-4548-9c8d-3f22a7002371",
    "data": [
      {
        "text": "okey",
        "userDefined": false
      }
    ],
    "isTemplate": false,
    "count": 1,
    "updated": 0
  },
  {
    "id": "2bab1a83-e4be-4234-ada6-28373d68f829",
    "data": [
      {
        "text": "ok",
        "userDefined": false
      }
    ],
    "isTemplate": false,
    "count": 0,
    "updated": 0
  }
]