[
  {
    "id": "d347e789-cfec-4be6-912a-8a041ddc7ce7",
    "data": [
      {
        "text": "end of the session",
        "userDefined": false
      }
    ],
    "isTemplate": false,
    "count": 0,
    "updated": 0
  },
  {
    "id": "a484be7a-9e80-44f2-b5e6-49b8017a758a",
    "data": [
      {
        "text": "end of the exercise",
        "userDefined": false
      }
    ],
    "isTemplate": false,
    "count": 0,
    "updated": 0
  },
  {
    "id": "a0f2782c-f8b1-4372-b821-acb6c0d09beb",
    "data": [
      {
        "text": "end exercise",
        "userDefined": false
      }
    ],
    "isTemplate": false,
    "count": 0,
    "updated": 0
  },
  {
    "id": "92eef059-1621-43c3-9895-083f4b35ce79",
    "data": [
      {
        "text": "end session",
        "userDefined": false
      }
    ],
    "isTemplate": false,
    "count": 0,
    "updated": 0
  }
]