[
  {
    "id": "07e18b57-3827-41e3-aea0-59ecaa5a281f",
    "data": [
      {
        "text": "Possible to do ",
        "userDefined": false
      },
      {
        "text": "fitness",
        "alias": "sessionType",
        "meta": "@sys.any",
        "userDefined": true
      },
      {
        "text": " session ?",
        "userDefined": false
      }
    ],
    "isTemplate": false,
    "count": 0,
    "updated": 0
  },
  {
    "id": "5c2ece0e-8d70-4042-86a4-9db45f4f1d3b",
    "data": [
      {
        "text": "I want to start a ",
        "userDefined": false
      },
      {
        "text": "fitness",
        "alias": "sessionType",
        "meta": "@sys.any",
        "userDefined": true
      },
      {
        "text": " session",
        "userDefined": false
      }
    ],
    "isTemplate": false,
    "count": 0,
    "updated": 0
  },
  {
    "id": "7b232083-f765-4a61-ae27-a597890f1d7a",
    "data": [
      {
        "text": "start session",
        "userDefined": false
      }
    ],
    "isTemplate": false,
    "count": 0,
    "updated": 0
  },
  {
    "id": "3162278b-4a3a-4a08-a41d-ab7e87fc28c7",
    "data": [
      {
        "text": "begin session",
        "userDefined": false
      }
    ],
    "isTemplate": false,
    "count": 2,
    "updated": 0
  },
  {
    "id": "27b33556-2092-40d2-afa1-ce6fad947f3f",
    "data": [
      {
        "text": "fitness",
        "alias": "sessionType",
        "meta": "@sys.any",
        "userDefined": true
      },
      {
        "text": " session",
        "userDefined": false
      }
    ],
    "isTemplate": false,
    "count": 0,
    "updated": 0
  }
]