[
  {
    "id": "16dab3a8-43bf-46e6-8304-28b4ab2b935e",
    "data": [
      {
        "text": "repeat",
        "meta": "@sys.ignore",
        "userDefined": false
      },
      {
        "text": " all the steps please",
        "userDefined": false
      }
    ],
    "isTemplate": false,
    "count": 0,
    "updated": 0
  },
  {
    "id": "6f1a1dc7-1d11-4298-8937-a5777eedcb00",
    "data": [
      {
        "text": "repeat",
        "meta": "@sys.ignore",
        "userDefined": false
      },
      {
        "text": " the exercise please",
        "userDefined": false
      }
    ],
    "isTemplate": false,
    "count": 0,
    "updated": 0
  },
  {
    "id": "40a4c057-cff8-4ff4-973c-3cf725bf23eb",
    "data": [
      {
        "text": "repeat",
        "meta": "@sys.ignore",
        "userDefined": false
      },
      {
        "text": " the whole exercise",
        "userDefined": false
      }
    ],
    "isTemplate": false,
    "count": 0,
    "updated": 0
  },
  {
    "id": "e3a0bf77-fb34-41f7-b664-78be06e9349e",
    "data": [
      {
        "text": "repeat",
        "userDefined": false
      }
    ],
    "isTemplate": false,
    "count": 1,
    "updated": 0
  },
  {
    "id": "251a4b76-a737-4b31-b4ca-2851adc98a14",
    "data": [
      {
        "text": "do it again",
        "userDefined": false
      }
    ],
    "isTemplate": false,
    "count": 0,
    "updated": 0
  },
  {
    "id": "5d545b2e-004c-4d96-bd9c-160c69a15c1d",
    "data": [
      {
        "text": "please repeat that",
        "userDefined": false
      }
    ],
    "isTemplate": false,
    "count": 0,
    "updated": 0
  },
  {
    "id": "6dff9ff7-6b97-46f7-bdf2-1acb463f49f2",
    "data": [
      {
        "text": "repeat these results",
        "userDefined": false
      }
    ],
    "isTemplate": false,
    "count": 0,
    "updated": 0
  },
  {
    "id": "68cfb492-771b-4178-83cb-4af7edf58726",
    "data": [
      {
        "text": "repeat what you\u0027ve just said",
        "userDefined": false
      }
    ],
    "isTemplate": false,
    "count": 0,
    "updated": 0
  },
  {
    "id": "3e54addf-f60e-4b8f-b220-b8ba4f2e3232",
    "data": [
      {
        "text": "say it again",
        "userDefined": false
      }
    ],
    "isTemplate": false,
    "count": 0,
    "updated": 0
  },
  {
    "id": "4fca975d-510c-48d2-9232-76219c3899db",
    "data": [
      {
        "text": "come again",
        "userDefined": false
      }
    ],
    "isTemplate": false,
    "count": 0,
    "updated": 0
  },
  {
    "id": "052133ac-0583-42cf-b251-617b0618e6bb",
    "data": [
      {
        "text": "could you repeat that",
        "userDefined": false
      }
    ],
    "isTemplate": false,
    "count": 0,
    "updated": 0
  },
  {
    "id": "d3171182-694b-49b6-896c-4f7b2e904ac3",
    "data": [
      {
        "text": "repeat it",
        "userDefined": false
      }
    ],
    "isTemplate": false,
    "count": 0,
    "updated": 0
  },
  {
    "id": "90bd214f-b97a-43d8-a98b-0883cfe71207",
    "data": [
      {
        "text": "say the same again",
        "userDefined": false
      }
    ],
    "isTemplate": false,
    "count": 0,
    "updated": 0
  }
]