[
  {
    "id": "e4a01625-fcca-4e9b-b872-68e909dd0285",
    "data": [
      {
        "text": "let\u0027s start ",
        "userDefined": false
      },
      {
        "text": "crunch",
        "alias": "exercise",
        "meta": "@sys.any",
        "userDefined": true
      },
      {
        "text": " exercise",
        "userDefined": false
      }
    ],
    "isTemplate": false,
    "count": 0,
    "updated": 0
  },
  {
    "id": "a5b1f784-59e8-40d8-915d-93954672e301",
    "data": [
      {
        "text": "i want to do ",
        "userDefined": false
      },
      {
        "text": "crunch",
        "alias": "exercise",
        "meta": "@sys.any",
        "userDefined": true
      },
      {
        "text": " exercise",
        "userDefined": false
      }
    ],
    "isTemplate": false,
    "count": 0,
    "updated": 0
  },
  {
    "id": "56f242ba-a101-4a50-90f4-f11e0ef99101",
    "data": [
      {
        "text": "Start ",
        "userDefined": false
      },
      {
        "text": "crunch",
        "alias": "exercise",
        "meta": "@sys.any",
        "userDefined": true
      },
      {
        "text": " exercise please",
        "userDefined": false
      }
    ],
    "isTemplate": false,
    "count": 0,
    "updated": 0
  },
  {
    "id": "e0e61b97-3fbb-4f2d-b590-a4a8881b02cf",
    "data": [
      {
        "text": "let\u0027s do ",
        "userDefined": false
      },
      {
        "text": "crunch",
        "alias": "exercise",
        "meta": "@sys.any",
        "userDefined": true
      },
      {
        "text": " exercise ?",
        "userDefined": false
      }
    ],
    "isTemplate": false,
    "count": 0,
    "updated": 0
  },
  {
    "id": "1c49d391-cd7a-4c9a-8ee5-79e5c23ec5b1",
    "data": [
      {
        "text": "plank",
        "alias": "exercise",
        "meta": "@sys.any",
        "userDefined": true
      },
      {
        "text": " exercise",
        "userDefined": false
      }
    ],
    "isTemplate": false,
    "count": 0,
    "updated": 0
  },
  {
    "id": "f51e4322-6630-4975-9985-6f4c6a620c45",
    "data": [
      {
        "text": "crunch",
        "alias": "exercise",
        "meta": "@sys.any",
        "userDefined": true
      },
      {
        "text": " exercise",
        "userDefined": false
      }
    ],
    "isTemplate": false,
    "count": 0,
    "updated": 0
  },
  {
    "id": "95bb79f3-ff8d-4250-84fb-fe74c1bc4fee",
    "data": [
      {
        "text": "start exercise",
        "userDefined": false
      }
    ],
    "isTemplate": false,
    "count": 0,
    "updated": 0
  }
]