[
  {
    "id": "403769f6-feb2-4e6e-829f-77ca53982205",
    "data": [
      {
        "text": "Can you tell me ",
        "userDefined": false
      },
      {
        "text": "again",
        "alias": "isNext",
        "meta": "@isNext",
        "userDefined": false
      },
      {
        "text": "?",
        "userDefined": false
      }
    ],
    "isTemplate": false,
    "count": 0,
    "updated": 0
  },
  {
    "id": "417a9872-07ab-4b25-b0c4-5bec8a6b1304",
    "data": [
      {
        "text": "Can you ",
        "userDefined": false
      },
      {
        "text": "repeat",
        "alias": "isNext",
        "meta": "@isNext",
        "userDefined": true
      },
      {
        "text": " this step?",
        "userDefined": false
      }
    ],
    "isTemplate": false,
    "count": 0,
    "updated": 0
  },
  {
    "id": "5332d65c-8fce-4422-b9c5-8c730992c5dc",
    "data": [
      {
        "text": "let\u0027s go to the ",
        "userDefined": false
      },
      {
        "text": "next",
        "alias": "isNext",
        "meta": "@isNext",
        "userDefined": true
      },
      {
        "text": " step",
        "userDefined": false
      }
    ],
    "isTemplate": false,
    "count": 0,
    "updated": 0
  },
  {
    "id": "f66917f2-41a6-4077-adb8-3183e2fb1fc9",
    "data": [
      {
        "text": "Show me the step number ",
        "userDefined": false
      },
      {
        "text": "one",
        "alias": "step",
        "meta": "@sys.number",
        "userDefined": false
      }
    ],
    "isTemplate": false,
    "count": 0,
    "updated": 0
  },
  {
    "id": "a2bd31dc-32fb-49a2-a433-43cd9d9982f7",
    "data": [
      {
        "text": "Show me the ",
        "userDefined": false
      },
      {
        "text": "next",
        "alias": "isNext",
        "meta": "@isNext",
        "userDefined": false
      },
      {
        "text": " step",
        "userDefined": false
      }
    ],
    "isTemplate": false,
    "count": 0,
    "updated": 0
  },
  {
    "id": "5e775422-2daf-42cb-8f96-4026997baeae",
    "data": [
      {
        "text": "Go to step ",
        "userDefined": false
      },
      {
        "text": "one",
        "alias": "step",
        "meta": "@sys.number",
        "userDefined": true
      },
      {
        "text": " please",
        "userDefined": false
      }
    ],
    "isTemplate": false,
    "count": 0,
    "updated": 0
  },
  {
    "id": "2703563e-d04b-4d15-9087-f1521bb19641",
    "data": [
      {
        "text": "tell the step ",
        "userDefined": false
      },
      {
        "text": "again",
        "alias": "isNext",
        "meta": "@isNext",
        "userDefined": true
      }
    ],
    "isTemplate": false,
    "count": 0,
    "updated": 0
  },
  {
    "id": "653576c2-e814-4072-b983-f1293b986290",
    "data": [
      {
        "text": "step ",
        "userDefined": false
      },
      {
        "text": "one",
        "alias": "step",
        "meta": "@sys.number",
        "userDefined": true
      }
    ],
    "isTemplate": false,
    "count": 0,
    "updated": 0
  },
  {
    "id": "32c0033d-8cb4-4fc4-81d0-fedfa7b5a03d",
    "data": [
      {
        "text": "next",
        "alias": "isNext",
        "meta": "@isNext",
        "userDefined": true
      },
      {
        "text": " step",
        "userDefined": false
      }
    ],
    "isTemplate": false,
    "count": 0,
    "updated": 0
  }
]