[
  {
    "id": "6a2a266d-d264-4457-abc3-5cb93e1ce559",
    "data": [
      {
        "text": "repeat session please",
        "userDefined": false
      }
    ],
    "isTemplate": false,
    "count": 0,
    "updated": 0
  },
  {
    "id": "2af3c60d-c664-4e4f-bae4-8e8411a58cf9",
    "data": [
      {
        "text": "tell me the session ",
        "userDefined": false
      },
      {
        "text": "again",
        "meta": "@sys.ignore",
        "userDefined": false
      }
    ],
    "isTemplate": false,
    "count": 0,
    "updated": 0
  },
  {
    "id": "c10ea719-511f-45c4-8805-fbc350160826",
    "data": [
      {
        "text": "can you ",
        "userDefined": false
      },
      {
        "text": "repeat",
        "meta": "@sys.ignore",
        "userDefined": false
      },
      {
        "text": " the session",
        "userDefined": false
      }
    ],
    "isTemplate": false,
    "count": 0,
    "updated": 0
  },
  {
    "id": "e5503c3b-bc74-4439-8b49-9750bf01bf35",
    "data": [
      {
        "text": "Can you ",
        "userDefined": false
      },
      {
        "text": "repeat",
        "meta": "@sys.ignore",
        "userDefined": false
      },
      {
        "text": " the all the exercise",
        "userDefined": false
      }
    ],
    "isTemplate": false,
    "count": 0,
    "updated": 0
  }
]