[
  {
    "id": "bb99567f-ca03-4d36-97d0-5c36c1e4eeec",
    "data": [
      {
        "text": "I want the ",
        "userDefined": false
      },
      {
        "text": "3",
        "alias": "exerciseNumber",
        "meta": "@sys.number",
        "userDefined": true
      },
      {
        "text": " exercise",
        "userDefined": false
      }
    ],
    "isTemplate": false,
    "count": 0,
    "updated": 0
  },
  {
    "id": "32bef5a6-ea16-45c6-bcea-23813cd842a0",
    "data": [
      {
        "text": "I want the exercise ",
        "userDefined": false
      },
      {
        "text": "3",
        "alias": "exerciseNumber",
        "meta": "@sys.number",
        "userDefined": false
      }
    ],
    "isTemplate": false,
    "count": 0,
    "updated": 0
  },
  {
    "id": "7013b11e-254f-412f-95f9-75a83fee09df",
    "data": [
      {
        "text": "I want the ",
        "userDefined": false
      },
      {
        "text": "next",
        "meta": "@sys.ignore",
        "userDefined": false
      },
      {
        "text": " exercise",
        "userDefined": false
      }
    ],
    "isTemplate": false,
    "count": 0,
    "updated": 0
  },
  {
    "id": "bb9062b3-f27d-4308-8587-6e205852c6a6",
    "data": [
      {
        "text": "Okey, go to the exercise number ",
        "userDefined": false
      },
      {
        "text": "1",
        "alias": "exerciseNumber",
        "meta": "@sys.number",
        "userDefined": true
      }
    ],
    "isTemplate": false,
    "count": 0,
    "updated": 0
  },
  {
    "id": "cd9e10b1-6fe8-408e-afa8-bf9ed30a88d8",
    "data": [
      {
        "text": "go to the ",
        "userDefined": false
      },
      {
        "text": "next",
        "meta": "@sys.ignore",
        "userDefined": false
      },
      {
        "text": " exercise",
        "userDefined": false
      }
    ],
    "isTemplate": false,
    "count": 0,
    "updated": 0
  },
  {
    "id": "2eb3b900-e7e2-48de-a44f-0964f5c451e2",
    "data": [
      {
        "text": "next exercise",
        "userDefined": false
      }
    ],
    "isTemplate": false,
    "count": 1,
    "updated": 0
  },
  {
    "id": "ca767aff-ef73-4e89-a46a-893396b3edce",
    "data": [
      {
        "text": "exercise ",
        "userDefined": false
      },
      {
        "text": "1",
        "alias": "exerciseNumber",
        "meta": "@sys.number",
        "userDefined": false
      }
    ],
    "isTemplate": false,
    "count": 0,
    "updated": 0
  },
  {
    "id": "47f903d3-bb27-4b65-aebb-f7c37991be2b",
    "data": [
      {
        "text": "show me the following exercise",
        "userDefined": false
      }
    ],
    "isTemplate": false,
    "count": 0,
    "updated": 0
  },
  {
    "id": "325e506a-a43e-4e5e-90d3-a3b1940f36d8",
    "data": [
      {
        "text": "show me the next exercise",
        "userDefined": false
      }
    ],
    "isTemplate": false,
    "count": 0,
    "updated": 0
  },
  {
    "id": "ed1bf15c-0c8a-413d-88df-bb46f57c62a2",
    "data": [
      {
        "text": "switch to the next",
        "userDefined": false
      }
    ],
    "isTemplate": false,
    "count": 0,
    "updated": 0
  },
  {
    "id": "96cf8a7b-baa6-4bba-b334-5f271f0d6e39",
    "data": [
      {
        "text": "show me next",
        "userDefined": false
      }
    ],
    "isTemplate": false,
    "count": 0,
    "updated": 0
  },
  {
    "id": "cf708411-72b3-410c-9de9-5cf023541f26",
    "data": [
      {
        "text": "next",
        "userDefined": false
      }
    ],
    "isTemplate": false,
    "count": 0,
    "updated": 0
  },
  {
    "id": "67d17f81-f60e-4872-89da-159e5f2b79f2",
    "data": [
      {
        "text": "go to the next page",
        "userDefined": false
      }
    ],
    "isTemplate": false,
    "count": 0,
    "updated": 0
  },
  {
    "id": "9a2c65a6-cdbf-4385-9a51-bc954db374b4",
    "data": [
      {
        "text": "following exercise",
        "userDefined": false
      }
    ],
    "isTemplate": false,
    "count": 0,
    "updated": 0
  },
  {
    "id": "d3a5d215-9098-457b-ada5-093cb0085ac0",
    "data": [
      {
        "text": "read the next exercise",
        "userDefined": false
      }
    ],
    "isTemplate": false,
    "count": 0,
    "updated": 0
  }
]