[
  {
    "id": "93f90ac2-12c4-4bbe-9803-c91853720b21",
    "data": [
      {
        "text": "repeat",
        "meta": "@sys.ignore",
        "userDefined": false
      },
      {
        "text": " this step",
        "userDefined": false
      }
    ],
    "isTemplate": false,
    "count": 0,
    "updated": 0
  },
  {
    "id": "c322d98d-5ad4-4c3e-97a6-786635d4ff5f",
    "data": [
      {
        "text": "repeat step",
        "userDefined": false
      }
    ],
    "isTemplate": false,
    "count": 0,
    "updated": 0
  },
  {
    "id": "6100ee69-0e45-4a1f-a3f6-b65af6585ff1",
    "data": [
      {
        "text": "do it again",
        "userDefined": false
      }
    ],
    "isTemplate": false,
    "count": 0,
    "updated": 0
  },
  {
    "id": "b2df4fe0-5bda-4a51-82eb-cb1747b95135",
    "data": [
      {
        "text": "please repeat that",
        "userDefined": false
      }
    ],
    "isTemplate": false,
    "count": 0,
    "updated": 0
  },
  {
    "id": "089495d7-2026-47a1-99f8-699c5ae0c979",
    "data": [
      {
        "text": "repeat these results",
        "userDefined": false
      }
    ],
    "isTemplate": false,
    "count": 0,
    "updated": 0
  },
  {
    "id": "7aabf92a-e694-4314-a8e0-a8db6cef087a",
    "data": [
      {
        "text": "repeat what you\u0027ve just said",
        "userDefined": false
      }
    ],
    "isTemplate": false,
    "count": 0,
    "updated": 0
  },
  {
    "id": "f7c14b60-2f4f-4b42-980b-95ef630ac396",
    "data": [
      {
        "text": "say it again",
        "userDefined": false
      }
    ],
    "isTemplate": false,
    "count": 0,
    "updated": 0
  },
  {
    "id": "2329e4a7-c75c-40e1-ac24-9d8a6da02022",
    "data": [
      {
        "text": "come again",
        "userDefined": false
      }
    ],
    "isTemplate": false,
    "count": 0,
    "updated": 0
  },
  {
    "id": "7c9370c7-2f2e-432c-8332-d4ce6495d7c8",
    "data": [
      {
        "text": "could you repeat that",
        "userDefined": false
      }
    ],
    "isTemplate": false,
    "count": 0,
    "updated": 0
  },
  {
    "id": "019ac6f8-d29b-4995-9293-9cff62e2224e",
    "data": [
      {
        "text": "repeat it",
        "userDefined": false
      }
    ],
    "isTemplate": false,
    "count": 0,
    "updated": 0
  },
  {
    "id": "5c09322b-44e5-4d70-a17a-1b476e976e3f",
    "data": [
      {
        "text": "say the same again",
        "userDefined": false
      }
    ],
    "isTemplate": false,
    "count": 0,
    "updated": 0
  }
]