[
  {
    "id": "6d753546-0180-4aff-91bd-162554cc1538",
    "data": [
      {
        "text": "some times ",
        "userDefined": false
      },
      {
        "text": "two",
        "alias": "number",
        "meta": "@sys.number",
        "userDefined": false
      },
      {
        "text": " times ",
        "userDefined": false
      },
      {
        "text": "a week",
        "alias": "TimePeriods",
        "meta": "@TimePeriods",
        "userDefined": false
      }
    ],
    "isTemplate": false,
    "count": 0,
    "updated": 0
  },
  {
    "id": "8abec3d6-3957-4362-ac3a-fea87ef1a1b8",
    "data": [
      {
        "text": "not at all",
        "userDefined": false
      }
    ],
    "isTemplate": false,
    "count": 0,
    "updated": 0
  },
  {
    "id": "8058b120-7537-4cc7-b066-99d6d92756b1",
    "data": [
      {
        "text": "none at all",
        "userDefined": false
      }
    ],
    "isTemplate": false,
    "count": 0,
    "updated": 0
  },
  {
    "id": "24c7ae90-a813-4f3b-8038-bb155d1438b9",
    "data": [
      {
        "text": "once",
        "alias": "number",
        "meta": "@sys.number",
        "userDefined": true
      },
      {
        "text": " ",
        "userDefined": false
      },
      {
        "text": "a week",
        "alias": "TimePeriods",
        "meta": "@TimePeriods",
        "userDefined": false
      }
    ],
    "isTemplate": false,
    "count": 0,
    "updated": 0
  },
  {
    "id": "e98592ef-5a6d-4874-a675-13bfb5d49900",
    "data": [
      {
        "text": "about ",
        "userDefined": false
      },
      {
        "text": "twice",
        "alias": "number",
        "meta": "@sys.number",
        "userDefined": true
      },
      {
        "text": " ",
        "userDefined": false
      },
      {
        "text": "a week",
        "alias": "TimePeriods",
        "meta": "@TimePeriods",
        "userDefined": false
      }
    ],
    "isTemplate": false,
    "count": 0,
    "updated": 0
  },
  {
    "id": "6e1b118f-fdc1-44ef-8b7f-a6c3e772c56a",
    "data": [
      {
        "text": "twice",
        "alias": "number",
        "meta": "@sys.number",
        "userDefined": true
      },
      {
        "text": " ",
        "userDefined": false
      },
      {
        "text": "a week",
        "alias": "TimePeriods",
        "meta": "@TimePeriods",
        "userDefined": false
      }
    ],
    "isTemplate": false,
    "count": 0,
    "updated": 0
  }
]