[
  {
    "id": "407000b5-3219-419c-ab85-3a464ae74b3b",
    "data": [
      {
        "text": "i want to record an activity",
        "userDefined": false
      }
    ],
    "isTemplate": false,
    "count": 0,
    "updated": 0
  },
  {
    "id": "1ceefdcd-4331-44dd-88b0-9f24fdc63b02",
    "data": [
      {
        "text": "record activity",
        "userDefined": false
      }
    ],
    "isTemplate": false,
    "count": 0,
    "updated": 0
  },
  {
    "id": "a3e1fa55-9472-41d0-b550-063f8ba58928",
    "data": [
      {
        "text": "record",
        "userDefined": false
      }
    ],
    "isTemplate": false,
    "count": 0,
    "updated": 0
  },
  {
    "id": "1333c80a-3482-4e3d-b0e4-26a10ce11ee1",
    "data": [
      {
        "text": "i want to report an activity",
        "userDefined": false
      }
    ],
    "isTemplate": false,
    "count": 0,
    "updated": 0
  },
  {
    "id": "e78e77ed-e5d6-4a07-bd03-f6cb68198967",
    "data": [
      {
        "text": "may i report an activity",
        "userDefined": false
      }
    ],
    "isTemplate": false,
    "count": 0,
    "updated": 0
  },
  {
    "id": "4fdf40ca-79e3-4f0a-95b8-452948be4adc",
    "data": [
      {
        "text": "can i please report",
        "userDefined": false
      }
    ],
    "isTemplate": false,
    "count": 0,
    "updated": 0
  },
  {
    "id": "b917663c-2094-4bb6-90fc-e409b024e1ab",
    "data": [
      {
        "text": "reporting",
        "userDefined": false
      }
    ],
    "isTemplate": false,
    "count": 0,
    "updated": 0
  },
  {
    "id": "833f120d-c618-4c28-bc6d-bb48e019b580",
    "data": [
      {
        "text": "report",
        "userDefined": false
      }
    ],
    "isTemplate": false,
    "count": 0,
    "updated": 0
  }
]