[
  {
    "id": "5a889930-9f3d-4fe1-aa24-239b8b1f4e9d",
    "data": [
      {
        "text": "i went ",
        "userDefined": false
      },
      {
        "text": "jogging",
        "alias": "Activities",
        "meta": "@Activities",
        "userDefined": false
      }
    ],
    "isTemplate": false,
    "count": 0,
    "updated": 0
  },
  {
    "id": "b16604a4-d31b-4497-ad09-7ae09a244003",
    "data": [
      {
        "text": "i went ",
        "userDefined": false
      },
      {
        "text": "golfing",
        "alias": "Activities",
        "meta": "@Activities",
        "userDefined": false
      }
    ],
    "isTemplate": false,
    "count": 0,
    "updated": 0
  },
  {
    "id": "68862de8-f646-4b0f-99b3-a893626abf54",
    "data": [
      {
        "text": "i went ",
        "userDefined": false
      },
      {
        "text": "swimming",
        "alias": "Activities",
        "meta": "@Activities",
        "userDefined": false
      }
    ],
    "isTemplate": false,
    "count": 0,
    "updated": 0
  },
  {
    "id": "291946ff-88b1-4d44-8c3f-28f69af40f12",
    "data": [
      {
        "text": "i went ",
        "userDefined": false
      },
      {
        "text": "golfing",
        "alias": "Activities",
        "meta": "@Activities",
        "userDefined": false
      },
      {
        "text": " ",
        "userDefined": false
      },
      {
        "text": "in the morning",
        "alias": "TimePeriods",
        "meta": "@TimePeriods",
        "userDefined": false
      }
    ],
    "isTemplate": false,
    "count": 0,
    "updated": 0
  },
  {
    "id": "ffd1cf4f-2012-4c59-893c-6874b0cab283",
    "data": [
      {
        "text": "i went ",
        "userDefined": false
      },
      {
        "text": "swimming",
        "alias": "Activities",
        "meta": "@Activities",
        "userDefined": false
      },
      {
        "text": " ",
        "userDefined": false
      },
      {
        "text": "from 2 to 4",
        "alias": "TimePeriods",
        "meta": "@TimePeriods",
        "userDefined": false
      },
      {
        "text": " in the afternoon",
        "userDefined": false
      }
    ],
    "isTemplate": false,
    "count": 0,
    "updated": 0
  },
  {
    "id": "b5642c56-824a-4cac-8c2c-1a845de51e7c",
    "data": [
      {
        "text": "swimming",
        "alias": "Activities",
        "meta": "@Activities",
        "userDefined": false
      },
      {
        "text": " for ",
        "userDefined": false
      },
      {
        "text": "3 hours",
        "alias": "TimePeriods",
        "meta": "@TimePeriods",
        "userDefined": false
      }
    ],
    "isTemplate": false,
    "count": 0,
    "updated": 0
  },
  {
    "id": "95872322-53a0-4c9a-a756-9538afdff98e",
    "data": [
      {
        "text": "swimming",
        "alias": "Activities",
        "meta": "@Activities",
        "userDefined": false
      }
    ],
    "isTemplate": false,
    "count": 0,
    "updated": 0
  },
  {
    "id": "2166537c-cd0b-45f9-bc04-adb22328d363",
    "data": [
      {
        "text": "swim",
        "alias": "Activities",
        "meta": "@Activities",
        "userDefined": false
      }
    ],
    "isTemplate": false,
    "count": 0,
    "updated": 0
  },
  {
    "id": "990577cd-e242-4f9f-9b53-1816c4cdfbbf",
    "data": [
      {
        "text": "golf",
        "alias": "Activities",
        "meta": "@Activities",
        "userDefined": false
      }
    ],
    "isTemplate": false,
    "count": 0,
    "updated": 0
  },
  {
    "id": "55e38e8f-0e29-4d9f-b8da-e519eec369f5",
    "data": [
      {
        "text": "golfing",
        "alias": "Activities",
        "meta": "@Activities",
        "userDefined": false
      }
    ],
    "isTemplate": false,
    "count": 0,
    "updated": 0
  }
]