[
  {
    "id": "3e6a2391-8204-4b90-9e80-a3ac30bcc565",
    "data": [
      {
        "text": "40 mins",
        "alias": "TimePeriods",
        "meta": "@TimePeriods",
        "userDefined": false
      }
    ],
    "isTemplate": false,
    "count": 0,
    "updated": 0
  },
  {
    "id": "c11e6a4e-102e-47aa-b4c4-6a965cbda34c",
    "data": [
      {
        "text": "20 mins",
        "alias": "TimePeriods",
        "meta": "@TimePeriods",
        "userDefined": false
      }
    ],
    "isTemplate": false,
    "count": 0,
    "updated": 0
  },
  {
    "id": "bab884ab-671e-4117-b26d-0890d085a907",
    "data": [
      {
        "text": "about ",
        "userDefined": false
      },
      {
        "text": "20 mins",
        "alias": "TimePeriods",
        "meta": "@TimePeriods",
        "userDefined": false
      }
    ],
    "isTemplate": false,
    "count": 0,
    "updated": 0
  },
  {
    "id": "02670382-53c8-4e41-a28b-f84d38cec1a3",
    "data": [
      {
        "text": "for ",
        "userDefined": false
      },
      {
        "text": "an hour",
        "alias": "TimePeriods",
        "meta": "@TimePeriods",
        "userDefined": false
      }
    ],
    "isTemplate": false,
    "count": 0,
    "updated": 0
  },
  {
    "id": "b9fa88e2-7b74-493e-907a-37f742e25468",
    "data": [
      {
        "text": "during ",
        "userDefined": false
      },
      {
        "text": "the afternoon",
        "alias": "TimePeriods",
        "meta": "@TimePeriods",
        "userDefined": false
      }
    ],
    "isTemplate": false,
    "count": 0,
    "updated": 0
  },
  {
    "id": "1e99bf7d-6a16-4da5-927e-67fe2898ae9d",
    "data": [
      {
        "text": "in the morning",
        "alias": "TimePeriods",
        "meta": "@TimePeriods",
        "userDefined": false
      }
    ],
    "isTemplate": false,
    "count": 0,
    "updated": 0
  },
  {
    "id": "b1efbcaa-cc72-4844-979a-63b213b7e152",
    "data": [
      {
        "text": "from ",
        "userDefined": false
      },
      {
        "text": "2 to 5",
        "alias": "TimePeriods",
        "meta": "@TimePeriods",
        "userDefined": false
      }
    ],
    "isTemplate": false,
    "count": 0,
    "updated": 0
  },
  {
    "id": "09e89306-e1a7-453c-9790-7356e3057516",
    "data": [
      {
        "text": "2 hours",
        "alias": "TimePeriods",
        "meta": "@TimePeriods",
        "userDefined": false
      }
    ],
    "isTemplate": false,
    "count": 0,
    "updated": 0
  },
  {
    "id": "485951b2-b221-4cc7-a96e-2d634d9c4f68",
    "data": [
      {
        "text": "for ",
        "userDefined": false
      },
      {
        "text": "2 hours",
        "alias": "TimePeriods",
        "meta": "@TimePeriods",
        "userDefined": false
      }
    ],
    "isTemplate": false,
    "count": 0,
    "updated": 0
  }
]