[
  {
    "id": "3280321e-5fb5-4b26-9735-d831520ffc83",
    "data": [
      {
        "text": "yes for ",
        "userDefined": false
      },
      {
        "text": "3 hours",
        "alias": "TimePeriods",
        "meta": "@TimePeriods",
        "userDefined": false
      }
    ],
    "isTemplate": false,
    "count": 0,
    "updated": 0
  },
  {
    "id": "c8c16f09-294a-4afd-8467-bf293752ce2e",
    "data": [
      {
        "text": "yes ",
        "userDefined": false
      },
      {
        "text": "in the afternoon",
        "alias": "TimePeriods",
        "meta": "@TimePeriods",
        "userDefined": false
      }
    ],
    "isTemplate": false,
    "count": 0,
    "updated": 0
  },
  {
    "id": "eb6aff81-72cb-489b-8897-9e6556415527",
    "data": [
      {
        "text": "in the afternoon",
        "alias": "TimePeriods",
        "meta": "@TimePeriods",
        "userDefined": false
      }
    ],
    "isTemplate": false,
    "count": 0,
    "updated": 0
  },
  {
    "id": "f93568cb-ba35-4782-a919-fc845fac0adc",
    "data": [
      {
        "text": "in the morning",
        "alias": "TimePeriods",
        "meta": "@TimePeriods",
        "userDefined": false
      }
    ],
    "isTemplate": false,
    "count": 0,
    "updated": 0
  },
  {
    "id": "32326f6d-fd80-4a1e-8667-c4a8ef4d8572",
    "data": [
      {
        "text": "from ",
        "userDefined": false
      },
      {
        "text": "10 to 11 am",
        "alias": "TimePeriods",
        "meta": "@TimePeriods",
        "userDefined": false
      }
    ],
    "isTemplate": false,
    "count": 0,
    "updated": 0
  },
  {
    "id": "6ed3a2f7-0ec2-49cd-9fb6-d3929f450329",
    "data": [
      {
        "text": "from ",
        "userDefined": false
      },
      {
        "text": "2 to 4 pm",
        "alias": "TimePeriods",
        "meta": "@TimePeriods",
        "userDefined": false
      }
    ],
    "isTemplate": false,
    "count": 0,
    "updated": 0
  },
  {
    "id": "924f7fc1-2b5e-4365-b710-e253eb8bbb19",
    "data": [
      {
        "text": "for ",
        "userDefined": false
      },
      {
        "text": "20 mins",
        "alias": "TimePeriods",
        "meta": "@TimePeriods",
        "userDefined": false
      }
    ],
    "isTemplate": false,
    "count": 0,
    "updated": 0
  },
  {
    "id": "9c0262da-5347-457e-b8e2-ed1d5ada35b1",
    "data": [
      {
        "text": "for ",
        "userDefined": false
      },
      {
        "text": "2 hours",
        "alias": "TimePeriods",
        "meta": "@TimePeriods",
        "userDefined": false
      }
    ],
    "isTemplate": false,
    "count": 0,
    "updated": 0
  }
]