[
  {
    "id": "8225475f-2463-4464-b992-eb57aebb31ee",
    "data": [
      {
        "text": "no, it was ",
        "userDefined": false
      },
      {
        "text": "raining",
        "alias": "NoActivityReasons",
        "meta": "@NoActivityReasons",
        "userDefined": false
      }
    ],
    "isTemplate": false,
    "count": 0,
    "updated": 0
  },
  {
    "id": "f26644cd-60aa-4041-8e95-a02f743f5f66",
    "data": [
      {
        "text": "I tried to go, but i was too ",
        "userDefined": false
      },
      {
        "text": "tired",
        "alias": "NoActivityReasons",
        "meta": "@NoActivityReasons",
        "userDefined": true
      }
    ],
    "isTemplate": false,
    "count": 0,
    "updated": 0
  },
  {
    "id": "79da9999-09d0-45bd-b0db-0ca71f2d77a0",
    "data": [
      {
        "text": "I could not go ",
        "userDefined": false
      },
      {
        "text": "swimming",
        "meta": "@sys.ignore",
        "userDefined": false
      },
      {
        "text": " because of a ",
        "userDefined": false
      },
      {
        "text": "family emergency",
        "alias": "NoActivityReasons",
        "meta": "@NoActivityReasons",
        "userDefined": true
      }
    ],
    "isTemplate": false,
    "count": 0,
    "updated": 0
  },
  {
    "id": "d31edac5-5378-4d09-9e05-26a0192d6a41",
    "data": [
      {
        "text": "No, I was ",
        "userDefined": false
      },
      {
        "text": "busy",
        "alias": "NoActivityReasons",
        "meta": "@NoActivityReasons",
        "userDefined": false
      }
    ],
    "isTemplate": false,
    "count": 0,
    "updated": 0
  },
  {
    "id": "3214aff5-8109-46d1-9f18-48c708e36847",
    "data": [
      {
        "text": "No, I did not get to do anything ",
        "userDefined": false
      },
      {
        "text": "today",
        "meta": "@sys.ignore",
        "userDefined": false
      }
    ],
    "isTemplate": false,
    "count": 0,
    "updated": 0
  },
  {
    "id": "9352d296-d588-45f0-b661-9352e196426c",
    "data": [
      {
        "text": "thanks but no",
        "userDefined": false
      }
    ],
    "isTemplate": false,
    "count": 0,
    "updated": 0
  },
  {
    "id": "60e20590-9f15-423b-b58b-c73df0cb36fe",
    "data": [
      {
        "text": "no way",
        "userDefined": false
      }
    ],
    "isTemplate": false,
    "count": 0,
    "updated": 0
  },
  {
    "id": "14eb9d4a-94e5-42ae-9bba-1c882cff0431",
    "data": [
      {
        "text": "no",
        "userDefined": false
      }
    ],
    "isTemplate": false,
    "count": 2,
    "updated": 0
  },
  {
    "id": "679bc683-e666-4739-9a5d-1185e2fecc3a",
    "data": [
      {
        "text": "no no don\u0027t",
        "userDefined": false
      }
    ],
    "isTemplate": false,
    "count": 0,
    "updated": 0
  },
  {
    "id": "105a7782-3913-40db-9eb1-94937837fee7",
    "data": [
      {
        "text": "na",
        "userDefined": false
      }
    ],
    "isTemplate": false,
    "count": 0,
    "updated": 0
  },
  {
    "id": "afaea20b-b892-4369-93d8-3f0bc2ef0417",
    "data": [
      {
        "text": "no it isn\u0027t",
        "userDefined": false
      }
    ],
    "isTemplate": false,
    "count": 1,
    "updated": 0
  },
  {
    "id": "f90f5578-e89b-4d3f-b5eb-0a2d853aca74",
    "data": [
      {
        "text": "don\u0027t",
        "userDefined": false
      }
    ],
    "isTemplate": false,
    "count": 0,
    "updated": 0
  },
  {
    "id": "b82273c7-3126-4bae-868d-7f7fdcc32544",
    "data": [
      {
        "text": "nah I\u0027m good",
        "userDefined": false
      }
    ],
    "isTemplate": false,
    "count": 1,
    "updated": 0
  },
  {
    "id": "e28517bc-30f4-45aa-aff8-235dda05be55",
    "data": [
      {
        "text": "no I cannot",
        "userDefined": false
      }
    ],
    "isTemplate": false,
    "count": 1,
    "updated": 0
  },
  {
    "id": "18f4d3e1-cf51-4bd2-828b-9f971e519cfd",
    "data": [
      {
        "text": "I can\u0027t",
        "userDefined": false
      }
    ],
    "isTemplate": false,
    "count": 0,
    "updated": 0
  },
  {
    "id": "4385f3f3-8d71-4cde-8f40-7190e7dfd760",
    "data": [
      {
        "text": "nothing",
        "userDefined": false
      }
    ],
    "isTemplate": false,
    "count": 0,
    "updated": 0
  },
  {
    "id": "3a27eca8-e1b2-438c-843e-a5e9e4a98ec0",
    "data": [
      {
        "text": "no that\u0027s okay",
        "userDefined": false
      }
    ],
    "isTemplate": false,
    "count": 0,
    "updated": 0
  },
  {
    "id": "aa64ff8c-5d7d-44c6-bf95-dd2ff08de7b5",
    "data": [
      {
        "text": "no not really",
        "userDefined": false
      }
    ],
    "isTemplate": false,
    "count": 0,
    "updated": 0
  },
  {
    "id": "986c7c11-6aca-4990-90fb-917b9f632bf9",
    "data": [
      {
        "text": "nope not really",
        "userDefined": false
      }
    ],
    "isTemplate": false,
    "count": 0,
    "updated": 0
  },
  {
    "id": "75ca4c78-0733-461c-8520-57b2346aa093",
    "data": [
      {
        "text": "nope",
        "userDefined": false
      }
    ],
    "isTemplate": false,
    "count": 1,
    "updated": 0
  },
  {
    "id": "f1bc8fd1-3bff-4803-a14d-c0796dc200c7",
    "data": [
      {
        "text": "thanks but not this time",
        "userDefined": false
      }
    ],
    "isTemplate": false,
    "count": 1,
    "updated": 0
  },
  {
    "id": "4c25b7fb-a6fe-407c-b00d-981201449cf4",
    "data": [
      {
        "text": "I don\u0027t think so",
        "userDefined": false
      }
    ],
    "isTemplate": false,
    "count": 1,
    "updated": 0
  },
  {
    "id": "4ae27499-e691-459d-a74d-b3ccc3076a15",
    "data": [
      {
        "text": "I disagree",
        "userDefined": false
      }
    ],
    "isTemplate": false,
    "count": 2,
    "updated": 0
  },
  {
    "id": "af888e11-701a-47d9-83d0-c00881864142",
    "data": [
      {
        "text": "no maybe next time",
        "userDefined": false
      }
    ],
    "isTemplate": false,
    "count": 0,
    "updated": 0
  },
  {
    "id": "12cea490-9c0f-40dc-a857-373d0178882f",
    "data": [
      {
        "text": "not this time",
        "userDefined": false
      }
    ],
    "isTemplate": false,
    "count": 0,
    "updated": 0
  },
  {
    "id": "64ce68f3-415c-4a73-a8ac-eaee561be8e0",
    "data": [
      {
        "text": "no don\u0027t",
        "userDefined": false
      }
    ],
    "isTemplate": false,
    "count": 0,
    "updated": 0
  },
  {
    "id": "577a122f-48a8-4d0f-9b41-0bd766e01e2d",
    "data": [
      {
        "text": "no we are good",
        "userDefined": false
      }
    ],
    "isTemplate": false,
    "count": 0,
    "updated": 0
  },
  {
    "id": "caa3fe82-79b2-4226-b14f-d817862777a0",
    "data": [
      {
        "text": "don\u0027t do it",
        "userDefined": false
      }
    ],
    "isTemplate": false,
    "count": 3,
    "updated": 0
  },
  {
    "id": "035d6f49-b31b-4e97-bd9a-47d260aa5ddf",
    "data": [
      {
        "text": "no that\u0027s be all",
        "userDefined": false
      }
    ],
    "isTemplate": false,
    "count": 0,
    "updated": 0
  },
  {
    "id": "e8dfd054-fb27-4a1b-be87-09f18023543f",
    "data": [
      {
        "text": "not right now",
        "userDefined": false
      }
    ],
    "isTemplate": false,
    "count": 0,
    "updated": 0
  },
  {
    "id": "8c4d87cb-b2c0-4998-b8ca-63f23890b2e1",
    "data": [
      {
        "text": "nothing else thanks",
        "userDefined": false
      }
    ],
    "isTemplate": false,
    "count": 0,
    "updated": 0
  },
  {
    "id": "f6978a04-d6c4-40f4-8221-762660d8aaf7",
    "data": [
      {
        "text": "no thanks",
        "userDefined": false
      }
    ],
    "isTemplate": false,
    "count": 0,
    "updated": 0
  },
  {
    "id": "02ca4398-3c1f-4a0a-b165-e30e93ee6c47",
    "data": [
      {
        "text": "no that\u0027s ok",
        "userDefined": false
      }
    ],
    "isTemplate": false,
    "count": 1,
    "updated": 0
  },
  {
    "id": "5bdd8956-2086-4b74-9e00-4bc8b4c5a1bf",
    "data": [
      {
        "text": "I don\u0027t want that",
        "userDefined": false
      }
    ],
    "isTemplate": false,
    "count": 0,
    "updated": 0
  },
  {
    "id": "12d8f051-ebb1-43e9-a953-27b99c37b9e3",
    "data": [
      {
        "text": "definitely not",
        "userDefined": false
      }
    ],
    "isTemplate": false,
    "count": 3,
    "updated": 0
  },
  {
    "id": "e1f62ab5-6630-4b01-8cee-f618dffb4bea",
    "data": [
      {
        "text": "nothing else",
        "userDefined": false
      }
    ],
    "isTemplate": false,
    "count": 1,
    "updated": 0
  },
  {
    "id": "31490486-b24e-4c9e-9e58-06cf6446dc3d",
    "data": [
      {
        "text": "not",
        "userDefined": false
      }
    ],
    "isTemplate": false,
    "count": 0,
    "updated": 0
  },
  {
    "id": "6d239512-6765-402c-b36e-f03f32d7167a",
    "data": [
      {
        "text": "not at all",
        "userDefined": false
      }
    ],
    "isTemplate": false,
    "count": 0,
    "updated": 0
  },
  {
    "id": "59af4fdb-2732-4f75-82ad-c755e0b00334",
    "data": [
      {
        "text": "no never",
        "userDefined": false
      }
    ],
    "isTemplate": false,
    "count": 0,
    "updated": 0
  },
  {
    "id": "afd3d538-449a-4aee-b5fa-f49ef3d2af16",
    "data": [
      {
        "text": "never",
        "userDefined": false
      }
    ],
    "isTemplate": false,
    "count": 0,
    "updated": 0
  },
  {
    "id": "5b517a8c-b201-4dee-9fe6-f85caf1c38c4",
    "data": [
      {
        "text": "no way no",
        "userDefined": false
      }
    ],
    "isTemplate": false,
    "count": 0,
    "updated": 0
  },
  {
    "id": "cd509d4b-aa65-42ce-8ba1-8b6ecb18e085",
    "data": [
      {
        "text": "not really",
        "userDefined": false
      }
    ],
    "isTemplate": false,
    "count": 0,
    "updated": 0
  },
  {
    "id": "d9538e7c-47b3-47c8-bb2a-253b618f9cab",
    "data": [
      {
        "text": "nah",
        "userDefined": false
      }
    ],
    "isTemplate": false,
    "count": 2,
    "updated": 0
  },
  {
    "id": "0c691851-da99-4897-bc4c-21088a0abf4d",
    "data": [
      {
        "text": "I don\u0027t",
        "userDefined": false
      }
    ],
    "isTemplate": false,
    "count": 0,
    "updated": 0
  },
  {
    "id": "c686ca9e-653d-4f7f-b71b-eb8475b36f5d",
    "data": [
      {
        "text": "I don\u0027t want",
        "userDefined": false
      }
    ],
    "isTemplate": false,
    "count": 0,
    "updated": 0
  },
  {
    "id": "41388ba6-9dca-40a2-8362-99021d176751",
    "data": [
      {
        "text": "not ",
        "userDefined": false
      },
      {
        "text": "today",
        "meta": "@sys.ignore",
        "userDefined": false
      }
    ],
    "isTemplate": false,
    "count": 0,
    "updated": 0
  },
  {
    "id": "2deec8fe-afe8-41a0-aced-1119d48b580e",
    "data": [
      {
        "text": "not interested",
        "userDefined": false
      }
    ],
    "isTemplate": false,
    "count": 0,
    "updated": 0
  },
  {
    "id": "279d5bdc-7e95-4a39-96e4-b23ec8a2543e",
    "data": [
      {
        "text": "no that\u0027s fine thank you",
        "userDefined": false
      }
    ],
    "isTemplate": false,
    "count": 0,
    "updated": 0
  },
  {
    "id": "4a4aaf54-7baf-4b2b-8f1b-5001114d4b56",
    "data": [
      {
        "text": "I\u0027m not",
        "userDefined": false
      }
    ],
    "isTemplate": false,
    "count": 3,
    "updated": 0
  }
]