[
  {
    "id": "1446d5a7-eed9-4f03-a3d1-24e1cbfef959",
    "data": [
      {
        "text": "yes ",
        "userDefined": false
      },
      {
        "text": "for 2 hours",
        "alias": "TimePeriods",
        "meta": "@TimePeriods",
        "userDefined": false
      }
    ],
    "isTemplate": false,
    "count": 0,
    "updated": 0
  },
  {
    "id": "0aff020c-6362-4b7e-bb2a-f4f8b7555f8e",
    "data": [
      {
        "text": "for ",
        "userDefined": false
      },
      {
        "text": "2 hours",
        "alias": "TimePeriods",
        "meta": "@TimePeriods",
        "userDefined": false
      }
    ],
    "isTemplate": false,
    "count": 0,
    "updated": 0
  },
  {
    "id": "2f295d47-6ffc-497d-a7bd-ab79e7363854",
    "data": [
      {
        "text": "40 min",
        "alias": "TimePeriods",
        "meta": "@TimePeriods",
        "userDefined": false
      }
    ],
    "isTemplate": false,
    "count": 0,
    "updated": 0
  },
  {
    "id": "40145e45-51fe-404a-be0c-7e317779b63c",
    "data": [
      {
        "text": "2 hours",
        "alias": "TimePeriods",
        "meta": "@TimePeriods",
        "userDefined": false
      }
    ],
    "isTemplate": false,
    "count": 0,
    "updated": 0
  },
  {
    "id": "0e963693-378a-4aa8-8831-9c87936d4115",
    "data": [
      {
        "text": "I ",
        "userDefined": false
      },
      {
        "text": "golfed",
        "meta": "@sys.ignore",
        "userDefined": true
      },
      {
        "text": " for ",
        "userDefined": false
      },
      {
        "text": "3 hours",
        "alias": "TimePeriods",
        "meta": "@TimePeriods",
        "userDefined": false
      }
    ],
    "isTemplate": false,
    "count": 0,
    "updated": 0
  },
  {
    "id": "144002db-4b06-4e83-a7dc-07591e0d28b7",
    "data": [
      {
        "text": "I tried to ",
        "userDefined": false
      },
      {
        "text": "swim",
        "meta": "@sys.ignore",
        "userDefined": true
      },
      {
        "text": " for ",
        "userDefined": false
      },
      {
        "text": "2 hours",
        "alias": "TimePeriods",
        "meta": "@TimePeriods",
        "userDefined": false
      }
    ],
    "isTemplate": false,
    "count": 0,
    "updated": 0
  },
  {
    "id": "43c04a2a-6616-419b-970c-78d99ee17a11",
    "data": [
      {
        "text": "I think it was ",
        "userDefined": false
      },
      {
        "text": "30 mins",
        "alias": "TimePeriods",
        "meta": "@TimePeriods",
        "userDefined": false
      },
      {
        "text": " maximum",
        "userDefined": false
      }
    ],
    "isTemplate": false,
    "count": 0,
    "updated": 0
  },
  {
    "id": "f8594e49-3252-457a-85e6-0edff8ac68f1",
    "data": [
      {
        "text": "may be ",
        "userDefined": false
      },
      {
        "text": "2 to 3 hours",
        "alias": "TimePeriods",
        "meta": "@TimePeriods",
        "userDefined": false
      }
    ],
    "isTemplate": false,
    "count": 0,
    "updated": 0
  },
  {
    "id": "e1453c4d-cf40-4359-b650-62433de71376",
    "data": [
      {
        "text": "It was around ",
        "userDefined": false
      },
      {
        "text": "2 hours",
        "alias": "TimePeriods",
        "meta": "@TimePeriods",
        "userDefined": false
      }
    ],
    "isTemplate": false,
    "count": 0,
    "updated": 0
  }
]