[
  {
    "id": "eddcd1d2-65ff-41b1-b241-660b79daa119",
    "data": [
      {
        "text": "it was ",
        "userDefined": false
      },
      {
        "text": "raining",
        "alias": "NoActivityReasons",
        "meta": "@NoActivityReasons",
        "userDefined": true
      }
    ],
    "isTemplate": false,
    "count": 0,
    "updated": 0
  },
  {
    "id": "0ae1f63b-2a69-493c-bf48-53a9315c3fce",
    "data": [
      {
        "text": "I had ",
        "userDefined": false
      },
      {
        "text": "other commitments",
        "alias": "NoActivityReasons",
        "meta": "@NoActivityReasons",
        "userDefined": true
      }
    ],
    "isTemplate": false,
    "count": 0,
    "updated": 0
  },
  {
    "id": "6314cc71-e476-41a1-81a2-7004a87bad7f",
    "data": [
      {
        "text": "The ",
        "userDefined": false
      },
      {
        "text": "weather was not good",
        "alias": "NoActivityReasons",
        "meta": "@NoActivityReasons",
        "userDefined": true
      }
    ],
    "isTemplate": false,
    "count": 0,
    "updated": 0
  },
  {
    "id": "54bd0b1d-1329-48b4-884e-729d61561e03",
    "data": [
      {
        "text": "the ",
        "userDefined": false
      },
      {
        "text": "weather was so windy and wet",
        "alias": "NoActivityReasons",
        "meta": "@NoActivityReasons",
        "userDefined": true
      }
    ],
    "isTemplate": false,
    "count": 0,
    "updated": 0
  },
  {
    "id": "0a6d70ec-a422-4f68-af39-589822a5720d",
    "data": [
      {
        "text": "I had a ",
        "userDefined": false
      },
      {
        "text": "family emergency",
        "alias": "NoActivityReasons",
        "meta": "@NoActivityReasons",
        "userDefined": true
      }
    ],
    "isTemplate": false,
    "count": 0,
    "updated": 0
  },
  {
    "id": "2a4cebde-d94e-4e4b-b8a3-82cdfbccf736",
    "data": [
      {
        "text": "I was ",
        "userDefined": false
      },
      {
        "text": "tired",
        "alias": "NoActivityReasons",
        "meta": "@NoActivityReasons",
        "userDefined": true
      }
    ],
    "isTemplate": false,
    "count": 0,
    "updated": 0
  }
]