[
  {
    "id": "5ed8ee09-b848-46f7-b93a-70fea65d5e4c",
    "data": [
      {
        "text": "i\u0027m a ",
        "userDefined": false
      },
      {
        "text": "woman",
        "alias": "gender",
        "meta": "@Gender",
        "userDefined": false
      }
    ],
    "isTemplate": false,
    "count": 0,
    "updated": 0
  },
  {
    "id": "fa3fd8e3-376d-454b-abcb-3d6ec301c38a",
    "data": [
      {
        "text": "i\u0027m a ",
        "userDefined": false
      },
      {
        "text": "man",
        "alias": "gender",
        "meta": "@Gender",
        "userDefined": true
      }
    ],
    "isTemplate": false,
    "count": 0,
    "updated": 0
  },
  {
    "id": "9c946bfe-2831-4227-8d7e-caf87641601f",
    "data": [
      {
        "text": "female",
        "alias": "gender",
        "meta": "@Gender",
        "userDefined": true
      }
    ],
    "isTemplate": false,
    "count": 0,
    "updated": 0
  },
  {
    "id": "446f6f30-3f2c-46df-8775-69609f4193a1",
    "data": [
      {
        "text": "male",
        "alias": "gender",
        "meta": "@Gender",
        "userDefined": true
      }
    ],
    "isTemplate": false,
    "count": 0,
    "updated": 0
  }
]