[
  {
    "id": "b681b3f2-c882-47aa-bae7-27a609fb79c5",
    "data": [
      {
        "text": "my name is ",
        "userDefined": false
      },
      {
        "text": "Jean",
        "alias": "given-name",
        "meta": "@sys.given-name",
        "userDefined": false
      }
    ],
    "isTemplate": false,
    "count": 0,
    "updated": 0
  },
  {
    "id": "9075d9ae-a5bc-4444-805e-8e6685c3b357",
    "data": [
      {
        "text": "I\u0027m ",
        "userDefined": false
      },
      {
        "text": "Mark",
        "alias": "given-name",
        "meta": "@sys.given-name",
        "userDefined": true
      }
    ],
    "isTemplate": false,
    "count": 2,
    "updated": 0
  },
  {
    "id": "7213d2b8-55b5-448e-b744-ec2b4894d1b6",
    "data": [
      {
        "text": "Jean",
        "alias": "given-name",
        "meta": "@sys.given-name",
        "userDefined": false
      }
    ],
    "isTemplate": false,
    "count": 0,
    "updated": 0
  },
  {
    "id": "7af7d188-63f5-4cec-9ad1-043d85b7c9a1",
    "data": [
      {
        "text": "My name\u0027s ",
        "userDefined": false
      },
      {
        "text": "Justin",
        "alias": "given-name",
        "meta": "@sys.given-name",
        "userDefined": false
      }
    ],
    "isTemplate": false,
    "count": 0,
    "updated": 0
  },
  {
    "id": "429e53de-7dab-40d2-8820-1957aecb8836",
    "data": [
      {
        "text": "Sarah",
        "alias": "given-name",
        "meta": "@sys.given-name",
        "userDefined": false
      }
    ],
    "isTemplate": false,
    "count": 0,
    "updated": 0
  },
  {
    "id": "ae23b97a-2a60-4b23-8a84-15dff3667be3",
    "data": [
      {
        "text": "My name is ",
        "userDefined": false
      },
      {
        "text": "John",
        "alias": "given-name",
        "meta": "@sys.given-name",
        "userDefined": false
      }
    ],
    "isTemplate": false,
    "count": 0,
    "updated": 0
  }
]