[
  {
    "id": "e172c99b-c430-4a32-8747-aa9ee892f850",
    "data": [
      {
        "text": "set a goal",
        "userDefined": false
      }
    ],
    "isTemplate": false,
    "count": 0,
    "updated": 0
  },
  {
    "id": "9d8b3bc3-0245-485f-832e-8aea1d0d4b96",
    "data": [
      {
        "text": "set goal",
        "userDefined": false
      }
    ],
    "isTemplate": false,
    "count": 0,
    "updated": 0
  },
  {
    "id": "f378ed3a-0f63-4dfb-96ca-fbbc133c3154",
    "data": [
      {
        "text": "goal",
        "userDefined": false
      }
    ],
    "isTemplate": false,
    "count": 1,
    "updated": 0
  },
  {
    "id": "6c6ee223-987b-4799-bfdb-7dd7a615039c",
    "data": [
      {
        "text": "goal setting",
        "userDefined": false
      }
    ],
    "isTemplate": false,
    "count": 0,
    "updated": 0
  },
  {
    "id": "fbc402f1-ae0a-47f4-8b67-8292f2b2ef65",
    "data": [
      {
        "text": "I want to set a goal",
        "userDefined": false
      }
    ],
    "isTemplate": false,
    "count": 0,
    "updated": 0
  }
]