[
  {
    "id": "49cf7f73-c94b-4d96-b9a2-4a4b59b82a9f",
    "data": [
      {
        "text": "6 feet",
        "alias": "height",
        "meta": "@sys.unit-length",
        "userDefined": false
      }
    ],
    "isTemplate": false,
    "count": 1,
    "updated": 0
  },
  {
    "id": "532b7b80-8518-41ec-85b4-804623088354",
    "data": [
      {
        "text": "6 foot 2 inches",
        "alias": "height",
        "meta": "@sys.unit-length",
        "userDefined": false
      }
    ],
    "isTemplate": false,
    "count": 0,
    "updated": 0
  },
  {
    "id": "ee45ee2f-52cc-48fd-a671-c442c5406ff8",
    "data": [
      {
        "text": "6 foot",
        "alias": "height",
        "meta": "@sys.unit-length",
        "userDefined": false
      }
    ],
    "isTemplate": false,
    "count": 0,
    "updated": 0
  },
  {
    "id": "9ace35de-4ece-42ab-b5ec-a43231e52aed",
    "data": [
      {
        "text": "I\u0027m ",
        "userDefined": false
      },
      {
        "text": "6 feet",
        "alias": "height",
        "meta": "@sys.unit-length",
        "userDefined": false
      },
      {
        "text": " tall",
        "userDefined": false
      }
    ],
    "isTemplate": false,
    "count": 0,
    "updated": 0
  },
  {
    "id": "acc7d6c4-c89f-4902-81bf-9a88611aad30",
    "data": [
      {
        "text": "I\u0027m ",
        "userDefined": false
      },
      {
        "text": "5 feet 8 inches",
        "alias": "height",
        "meta": "@sys.unit-length",
        "userDefined": false
      }
    ],
    "isTemplate": false,
    "count": 0,
    "updated": 0
  },
  {
    "id": "9420bef7-f36f-4cbe-af83-49b253f7fb2f",
    "data": [
      {
        "text": "I\u0027m ",
        "userDefined": false
      },
      {
        "text": "150 centimetres",
        "alias": "height",
        "meta": "@sys.unit-length",
        "userDefined": true
      }
    ],
    "isTemplate": false,
    "count": 0,
    "updated": 0
  },
  {
    "id": "a1435727-251c-4b71-ac27-f8f0588de36a",
    "data": [
      {
        "text": "5 foot 7",
        "alias": "height",
        "meta": "@sys.unit-length",
        "userDefined": true
      }
    ],
    "isTemplate": false,
    "count": 0,
    "updated": 0
  },
  {
    "id": "42715bac-7f3e-4e7e-8aa8-c87c73e9e7ef",
    "data": [
      {
        "text": "I\u0027m ",
        "userDefined": false
      },
      {
        "text": "1.8 metres",
        "alias": "height",
        "meta": "@sys.unit-length",
        "userDefined": false
      }
    ],
    "isTemplate": false,
    "count": 1,
    "updated": 0
  }
]