[
  {
    "id": "e9073145-c23d-4d63-b94f-2b449c7a482b",
    "data": [
      {
        "text": "hi",
        "userDefined": false
      }
    ],
    "isTemplate": false,
    "count": 0,
    "updated": 0
  },
  {
    "id": "7663e64c-c3bd-4442-b336-b944bc2881b0",
    "data": [
      {
        "text": "go to the beginning",
        "userDefined": false
      }
    ],
    "isTemplate": false,
    "count": 0,
    "updated": 0
  },
  {
    "id": "561dd323-143f-47d6-b246-2ab66f8e2cb8",
    "data": [
      {
        "text": "go to the top",
        "userDefined": false
      }
    ],
    "isTemplate": false,
    "count": 0,
    "updated": 0
  },
  {
    "id": "2b4938cc-5eb0-4a3b-98a9-645b2ecb909f",
    "data": [
      {
        "text": "from the beginning",
        "userDefined": false
      }
    ],
    "isTemplate": false,
    "count": 0,
    "updated": 0
  },
  {
    "id": "563de5a1-2fbc-4316-9c14-3b88ad85d23a",
    "data": [
      {
        "text": "can we start ",
        "userDefined": false
      },
      {
        "text": "again",
        "meta": "@sys.ignore",
        "userDefined": false
      }
    ],
    "isTemplate": false,
    "count": 0,
    "updated": 0
  },
  {
    "id": "57d9964b-b35a-4b7c-97bc-1b9f0f9d9080",
    "data": [
      {
        "text": "start ",
        "userDefined": false
      },
      {
        "text": "again",
        "meta": "@sys.ignore",
        "userDefined": false
      }
    ],
    "isTemplate": false,
    "count": 0,
    "updated": 0
  },
  {
    "id": "3f2719c4-7c83-4583-aa96-3fe7605410d1",
    "data": [
      {
        "text": "hello",
        "userDefined": false
      }
    ],
    "isTemplate": false,
    "count": 0,
    "updated": 0
  }
]