[
  {
    "id": "505492ca-6b9d-4247-9caf-58728ad848eb",
    "data": [
      {
        "text": "Aberdeen",
        "alias": "location",
        "meta": "@sys.location",
        "userDefined": false
      }
    ],
    "isTemplate": false,
    "count": 0,
    "updated": 0
  },
  {
    "id": "8c01d9d3-b506-4197-8661-2abd20b7c707",
    "data": [
      {
        "text": "i am in ",
        "userDefined": false
      },
      {
        "text": "Aberdeen",
        "alias": "location",
        "meta": "@sys.location",
        "userDefined": false
      }
    ],
    "isTemplate": false,
    "count": 0,
    "updated": 0
  }
]