[
  {
    "id": "f2467fdd-1c99-4a2a-a975-fd88bc0d094f",
    "data": [
      {
        "text": "No activities",
        "userDefined": false
      }
    ],
    "isTemplate": false,
    "count": 0,
    "updated": 0
  },
  {
    "id": "7dd6e16d-5cce-4acf-b182-e987be1c7b59",
    "data": [
      {
        "text": "I had to cancel ",
        "userDefined": false
      },
      {
        "text": "golf",
        "alias": "Activities",
        "meta": "@Activities",
        "userDefined": true
      }
    ],
    "isTemplate": false,
    "count": 0,
    "updated": 0
  },
  {
    "id": "3082ca8d-4d36-42de-9a24-a76dd774520a",
    "data": [
      {
        "text": "I can\u0027t do anything ",
        "userDefined": false
      },
      {
        "text": "this week",
        "alias": "date-period",
        "meta": "@sys.date-period",
        "userDefined": false
      }
    ],
    "isTemplate": false,
    "count": 0,
    "updated": 0
  },
  {
    "id": "51b5b460-6b24-4ebd-9720-bb4f69fe5b31",
    "data": [
      {
        "text": "I\u0027ll be in the hospital",
        "userDefined": false
      }
    ],
    "isTemplate": false,
    "count": 0,
    "updated": 0
  },
  {
    "id": "7ad0bd85-c5c3-4b46-b5b9-63d518b4cbc1",
    "data": [
      {
        "text": "I\u0027m going on holiday",
        "userDefined": false
      }
    ],
    "isTemplate": false,
    "count": 0,
    "updated": 0
  }
]