[
  {
    "id": "e379c06a-4f8c-4b54-9d14-6f9135241430",
    "data": [
      {
        "text": "don\u0027t know",
        "userDefined": false
      }
    ],
    "isTemplate": false,
    "count": 0,
    "updated": 0
  },
  {
    "id": "fca3c78e-963c-4dad-bf1d-31165b2d3165",
    "data": [
      {
        "text": "dunno",
        "userDefined": false
      }
    ],
    "isTemplate": false,
    "count": 0,
    "updated": 0
  },
  {
    "id": "347a6f18-4566-4afa-a9ee-39ce39daeb28",
    "data": [
      {
        "text": "no idea",
        "userDefined": false
      }
    ],
    "isTemplate": false,
    "count": 0,
    "updated": 0
  },
  {
    "id": "2b422d1e-4c38-4092-89cc-9370fc3da365",
    "data": [
      {
        "text": "Not sure",
        "userDefined": false
      }
    ],
    "isTemplate": false,
    "count": 0,
    "updated": 0
  },
  {
    "id": "ff343656-17a9-4b91-bc6e-a428d365a3c0",
    "data": [
      {
        "text": "I\u0027m not sure",
        "userDefined": false
      }
    ],
    "isTemplate": false,
    "count": 0,
    "updated": 0
  },
  {
    "id": "119f4e2f-5098-4fe3-a34f-f51928c939be",
    "data": [
      {
        "text": "I don\u0027t know",
        "userDefined": false
      }
    ],
    "isTemplate": false,
    "count": 0,
    "updated": 0
  }
]