[
  {
    "id": "27423275-df8b-477f-8963-937bc742087a",
    "data": [
      {
        "text": "6500",
        "alias": "number",
        "meta": "@sys.number",
        "userDefined": false
      }
    ],
    "isTemplate": false,
    "count": 0,
    "updated": 0
  },
  {
    "id": "e8ba9472-413f-4b71-9bcf-4b43c3906cf8",
    "data": [
      {
        "text": "9001",
        "alias": "number",
        "meta": "@sys.number",
        "userDefined": false
      }
    ],
    "isTemplate": false,
    "count": 0,
    "updated": 0
  },
  {
    "id": "fabf3111-cc56-4073-9674-3cd69a88a2ea",
    "data": [
      {
        "text": "9001",
        "alias": "number",
        "meta": "@sys.number",
        "userDefined": false
      },
      {
        "text": " ",
        "userDefined": false
      },
      {
        "text": "steps",
        "alias": "Metrics",
        "meta": "@Metrics",
        "userDefined": false
      }
    ],
    "isTemplate": false,
    "count": 0,
    "updated": 0
  },
  {
    "id": "9399ff20-7da5-4cdb-9a09-079272f65df9",
    "data": [
      {
        "text": "at least ",
        "userDefined": false
      },
      {
        "text": "1200",
        "alias": "number",
        "meta": "@sys.number",
        "userDefined": true
      }
    ],
    "isTemplate": false,
    "count": 0,
    "updated": 0
  },
  {
    "id": "9508c09b-ab7b-4387-9b3e-e546fc0dfa3c",
    "data": [
      {
        "text": "Let\u0027s go for ",
        "userDefined": false
      },
      {
        "text": "7500",
        "alias": "number",
        "meta": "@sys.number",
        "userDefined": false
      }
    ],
    "isTemplate": false,
    "count": 0,
    "updated": 0
  },
  {
    "id": "15ae1cf1-16d6-49ce-99b7-6e2651d04d25",
    "data": [
      {
        "text": "10000",
        "alias": "number",
        "meta": "@sys.number",
        "userDefined": false
      },
      {
        "text": " ",
        "userDefined": false
      },
      {
        "text": "steps",
        "alias": "Metrics",
        "meta": "@Metrics",
        "userDefined": false
      }
    ],
    "isTemplate": false,
    "count": 0,
    "updated": 0
  },
  {
    "id": "41d69db3-0d87-4d73-be34-d30dcfa40606",
    "data": [
      {
        "text": "probably ",
        "userDefined": false
      },
      {
        "text": "3000",
        "alias": "number",
        "meta": "@sys.number",
        "userDefined": true
      },
      {
        "text": " per day",
        "userDefined": false
      }
    ],
    "isTemplate": false,
    "count": 0,
    "updated": 0
  }
]