[
  {
    "id": "879fd8ad-390c-40de-a5b7-b59a160dd668",
    "data": [
      {
        "text": "1 hour",
        "alias": "TimePeriods",
        "meta": "@TimePeriods",
        "userDefined": false
      },
      {
        "text": " ",
        "userDefined": false
      },
      {
        "text": "a day",
        "alias": "TimePeriods1",
        "meta": "@TimePeriods",
        "userDefined": false
      }
    ],
    "isTemplate": false,
    "count": 0,
    "updated": 0
  },
  {
    "id": "23c4a6cd-5e48-4363-925f-b8bb0a0efb14",
    "data": [
      {
        "text": "30 mins",
        "alias": "TimePeriods",
        "meta": "@TimePeriods",
        "userDefined": false
      },
      {
        "text": " ",
        "userDefined": false
      },
      {
        "text": "a day",
        "alias": "TimePeriods1",
        "meta": "@TimePeriods",
        "userDefined": false
      }
    ],
    "isTemplate": false,
    "count": 0,
    "updated": 0
  },
  {
    "id": "7b0df9d6-6dd4-45d1-8acc-38058f9e3341",
    "data": [
      {
        "text": "30 mins",
        "alias": "TimePeriods",
        "meta": "@TimePeriods",
        "userDefined": false
      }
    ],
    "isTemplate": false,
    "count": 0,
    "updated": 0
  },
  {
    "id": "a336e541-b887-44ae-aedd-0e9fcb4c09d6",
    "data": [
      {
        "text": "120 mins",
        "alias": "TimePeriods",
        "meta": "@TimePeriods",
        "userDefined": false
      }
    ],
    "isTemplate": false,
    "count": 0,
    "updated": 0
  }
]