[
  {
    "id": "73f25cc5-ec1f-404f-a75c-2e563fe3521c",
    "data": [
      {
        "text": "personalization",
        "userDefined": false
      }
    ],
    "isTemplate": false,
    "count": 0,
    "updated": 0
  },
  {
    "id": "5b58811f-11ed-4154-bb1d-8d93225d94db",
    "data": [
      {
        "text": "personalize",
        "userDefined": false
      }
    ],
    "isTemplate": false,
    "count": 0,
    "updated": 0
  },
  {
    "id": "a6c54773-f6a3-4c21-912a-2e39b479baae",
    "data": [
      {
        "text": "personalisation",
        "userDefined": false
      }
    ],
    "isTemplate": false,
    "count": 0,
    "updated": 0
  },
  {
    "id": "4080021f-b771-43b0-b6d2-e317a943321e",
    "data": [
      {
        "text": "personalise",
        "userDefined": false
      }
    ],
    "isTemplate": false,
    "count": 0,
    "updated": 0
  }
]