[
  {
    "id": "9ed05bdf-439d-4e9c-8263-c20c0ef985fe",
    "data": [
      {
        "text": "Judo on Monday at 5pm and Friday at 6pm",
        "alias": "ActivitySchedule",
        "meta": "@ActivitySchedule",
        "userDefined": false
      }
    ],
    "isTemplate": false,
    "count": 0,
    "updated": 0
  },
  {
    "id": "cf67f724-5b77-42a9-ab82-a97b4e1d8d97",
    "data": [
      {
        "text": "On ",
        "userDefined": false
      },
      {
        "text": "tuesday I go swimming",
        "alias": "ActivitySchedule",
        "meta": "@ActivitySchedule",
        "userDefined": true
      }
    ],
    "isTemplate": false,
    "count": 0,
    "updated": 0
  },
  {
    "id": "ff8e9b33-1a0f-4c5b-a0a8-5946e6b195e3",
    "data": [
      {
        "text": "Swimming on Tuesday",
        "alias": "ActivitySchedule",
        "meta": "@ActivitySchedule",
        "userDefined": true
      }
    ],
    "isTemplate": false,
    "count": 0,
    "updated": 0
  },
  {
    "id": "d64d169c-e4f2-4468-9106-2db9375ffdd4",
    "data": [
      {
        "text": "Tennis on Monday at 4pm",
        "alias": "ActivitySchedule",
        "meta": "@ActivitySchedule",
        "userDefined": true
      },
      {
        "text": ", and going to the ",
        "userDefined": false
      },
      {
        "text": "gym on Wednesday at 9am",
        "alias": "ActivitySchedule",
        "meta": "@ActivitySchedule",
        "userDefined": true
      }
    ],
    "isTemplate": false,
    "count": 0,
    "updated": 0
  },
  {
    "id": "00ce29a3-c86d-4194-aa3e-47e8e15a7179",
    "data": [
      {
        "text": "Golf on Tuesday and Thursday",
        "alias": "ActivitySchedule",
        "meta": "@ActivitySchedule",
        "userDefined": true
      }
    ],
    "isTemplate": false,
    "count": 0,
    "updated": 0
  },
  {
    "id": "8244a104-0ebc-4be6-ad0a-450296d15602",
    "data": [
      {
        "text": "I will go ",
        "userDefined": false
      },
      {
        "text": "swimming on Friday",
        "alias": "ActivitySchedule",
        "meta": "@ActivitySchedule",
        "userDefined": true
      }
    ],
    "isTemplate": false,
    "count": 0,
    "updated": 0
  },
  {
    "id": "3bb593dd-1323-4786-abaa-bf3ab8dbb184",
    "data": [
      {
        "text": "Golf on Thursday",
        "alias": "ActivitySchedule",
        "meta": "@ActivitySchedule",
        "userDefined": true
      },
      {
        "text": ", and ",
        "userDefined": false
      },
      {
        "text": "Gym on Friday",
        "alias": "ActivitySchedule",
        "meta": "@ActivitySchedule",
        "userDefined": true
      }
    ],
    "isTemplate": false,
    "count": 0,
    "updated": 0
  },
  {
    "id": "34a2cecf-76d8-4e36-afeb-3a9c6995aa3c",
    "data": [
      {
        "text": "I\u0027ve got ",
        "userDefined": false
      },
      {
        "text": "rugby on Monday",
        "alias": "ActivitySchedule",
        "meta": "@ActivitySchedule",
        "userDefined": true
      },
      {
        "text": ", going to the ",
        "userDefined": false
      },
      {
        "text": "gym on Wednesday",
        "alias": "ActivitySchedule",
        "meta": "@ActivitySchedule",
        "userDefined": true
      },
      {
        "text": ", and ",
        "userDefined": false
      },
      {
        "text": "swimming on Friday",
        "alias": "ActivitySchedule",
        "meta": "@ActivitySchedule",
        "userDefined": true
      }
    ],
    "isTemplate": false,
    "count": 0,
    "updated": 0
  },
  {
    "id": "83ca50eb-119e-42e8-b670-f115f95c9e33",
    "data": [
      {
        "text": "I\u0027ll be ",
        "userDefined": false
      },
      {
        "text": "swimming on Friday",
        "alias": "ActivitySchedule",
        "meta": "@ActivitySchedule",
        "userDefined": true
      },
      {
        "text": ", and playing ",
        "userDefined": false
      },
      {
        "text": "tennis on Tuesday",
        "alias": "ActivitySchedule",
        "meta": "@ActivitySchedule",
        "userDefined": true
      }
    ],
    "isTemplate": false,
    "count": 0,
    "updated": 0
  },
  {
    "id": "762e06ac-12ba-42d7-829d-4bd551ca8307",
    "data": [
      {
        "text": "Tai Chi is on Monday",
        "alias": "ActivitySchedule",
        "meta": "@ActivitySchedule",
        "userDefined": true
      }
    ],
    "isTemplate": false,
    "count": 0,
    "updated": 0
  },
  {
    "id": "5d500326-ceae-4665-82f7-285aca703506",
    "data": [
      {
        "text": "I\u0027ll be going for a ",
        "userDefined": false
      },
      {
        "text": "walk on Saturday",
        "alias": "ActivitySchedule",
        "meta": "@ActivitySchedule",
        "userDefined": true
      }
    ],
    "isTemplate": false,
    "count": 0,
    "updated": 0
  }
]