[
  {
    "id": "b89b0926-ed11-4ba0-9402-39fdc617316b",
    "data": [
      {
        "text": "steps",
        "alias": "Metrics",
        "meta": "@Metrics",
        "userDefined": false
      }
    ],
    "isTemplate": false,
    "count": 0,
    "updated": 0
  },
  {
    "id": "98b0f10f-f0cb-4698-98b8-c15ac1ce6752",
    "data": [
      {
        "text": "steps",
        "alias": "Metrics",
        "meta": "@Metrics",
        "userDefined": false
      },
      {
        "text": " goal",
        "userDefined": false
      }
    ],
    "isTemplate": false,
    "count": 0,
    "updated": 0
  },
  {
    "id": "bc8567b7-0133-4502-a360-67c0fbae7d6d",
    "data": [
      {
        "text": "step",
        "alias": "Metrics",
        "meta": "@Metrics",
        "userDefined": true
      },
      {
        "text": " goal",
        "userDefined": false
      }
    ],
    "isTemplate": false,
    "count": 0,
    "updated": 0
  },
  {
    "id": "bfc0851c-23f8-4ad9-8e40-020688ad2a2b",
    "data": [
      {
        "text": "I want to set a ",
        "userDefined": false
      },
      {
        "text": "step",
        "alias": "Metrics",
        "meta": "@Metrics",
        "userDefined": true
      },
      {
        "text": " count goal",
        "userDefined": false
      }
    ],
    "isTemplate": false,
    "count": 0,
    "updated": 0
  },
  {
    "id": "876fbaf6-8346-47ce-85fd-af15e6e91dff",
    "data": [
      {
        "text": "Step",
        "alias": "Metrics",
        "meta": "@Metrics",
        "userDefined": true
      },
      {
        "text": " count goal",
        "userDefined": false
      }
    ],
    "isTemplate": false,
    "count": 0,
    "updated": 0
  }
]