[
  {
    "id": "cb939daf-0f42-4d64-9ebc-d0457b90bb4d",
    "data": [
      {
        "text": "last week",
        "meta": "@sys.ignore",
        "userDefined": false
      },
      {
        "text": " summary",
        "userDefined": false
      }
    ],
    "isTemplate": false,
    "count": 0,
    "updated": 0
  },
  {
    "id": "05abab17-a06c-4134-a62a-c1727a574df6",
    "data": [
      {
        "text": "give me a summary of ",
        "userDefined": false
      },
      {
        "text": "last week",
        "meta": "@sys.ignore",
        "userDefined": false
      }
    ],
    "isTemplate": false,
    "count": 0,
    "updated": 0
  },
  {
    "id": "cd2b8645-ce4e-4ad3-9735-ab1593e0f9d0",
    "data": [
      {
        "text": "summary",
        "userDefined": false
      }
    ],
    "isTemplate": false,
    "count": 0,
    "updated": 0
  }
]