[
  {
    "id": "d3154645-5f35-4741-b41c-966b3d8e398b",
    "data": [
      {
        "text": "thank you FitChat",
        "userDefined": false
      }
    ],
    "isTemplate": false,
    "count": 0,
    "updated": 0
  },
  {
    "id": "78194dae-fc2f-4074-9aa0-e039169153ff",
    "data": [
      {
        "text": "thanks",
        "userDefined": false
      }
    ],
    "isTemplate": false,
    "count": 0,
    "updated": 0
  },
  {
    "id": "295df6b3-a369-4f32-877e-3e1181f411f0",
    "data": [
      {
        "text": "cheers",
        "userDefined": false
      }
    ],
    "isTemplate": false,
    "count": 0,
    "updated": 0
  },
  {
    "id": "219e3bc5-f8e2-45ba-ac04-904a6b10cbe2",
    "data": [
      {
        "text": "Thank you",
        "userDefined": false
      }
    ],
    "isTemplate": false,
    "count": 0,
    "updated": 0
  }
]