[
  {
    "id": "9f38fd33-8460-4317-80f3-73a98b05179b",
    "data": [
      {
        "text": "I\u0027m ",
        "userDefined": false
      },
      {
        "text": "68 kilos",
        "alias": "weight",
        "meta": "@sys.unit-weight",
        "userDefined": false
      }
    ],
    "isTemplate": false,
    "count": 0,
    "updated": 0
  },
  {
    "id": "793be92d-e185-43a1-8a78-789af413b924",
    "data": [
      {
        "text": "90 kilogrammes",
        "alias": "weight",
        "meta": "@sys.unit-weight",
        "userDefined": false
      }
    ],
    "isTemplate": false,
    "count": 0,
    "updated": 0
  },
  {
    "id": "926e2fb5-4c5d-4396-9f68-b2e33d595e9c",
    "data": [
      {
        "text": "80 kilos",
        "alias": "weight",
        "meta": "@sys.unit-weight",
        "userDefined": false
      }
    ],
    "isTemplate": false,
    "count": 0,
    "updated": 0
  },
  {
    "id": "7d0b8cb9-8058-4efd-acd9-426ae73381e2",
    "data": [
      {
        "text": "I\u0027m ",
        "userDefined": false
      },
      {
        "text": "12 stone 3 ounces",
        "alias": "weight",
        "meta": "@sys.unit-weight",
        "userDefined": true
      }
    ],
    "isTemplate": false,
    "count": 0,
    "updated": 0
  },
  {
    "id": "5082aebd-5aa0-4a8e-afa6-aeee39a24ea3",
    "data": [
      {
        "text": "I\u0027m ",
        "userDefined": false
      },
      {
        "text": "170 pounds",
        "alias": "weight",
        "meta": "@sys.unit-weight",
        "userDefined": false
      }
    ],
    "isTemplate": false,
    "count": 0,
    "updated": 0
  }
]